{"entity":{"description":"","name":"heart23","scope":{"bss_account_id":"2929214582a546a38d3569339955b1a4"},"stage":{"production":false},"status":{"state":"active"},"storage":{"type":"bmcos_object_storage"}},"metadata":{"created_at":"2022-07-23T10:56:11.035Z","creator_id":"IBMid-6680002XAM","id":"389961cd-c3e8-40de-bc93-1914dc5f961a","updated_at":"2022-07-23T10:56:19.707Z","url":"/v2/spaces/389961cd-c3e8-40de-bc93-1914dc5f961a"},"is_encrypted":false,"deployment_source":"cloud","version":"1.0.19.cloud"}
