{"metadata":{"asset_id":"9630743e-3d8b-4555-86c0-2d60d66e0cab","asset_attributes":["wml_model","modelfacts_system","modelfacts_user"],"name":"Heart - P3 Random Forest Classifier","asset_type":"wml_model","created_at":"2022-07-23T10:57:55Z","description":"23july","origin_country":"us","owner_id":"IBMid-6680002XAM","space_id":"389961cd-c3e8-40de-bc93-1914dc5f961a","sandbox_id":"389961cd-c3e8-40de-bc93-1914dc5f961a","size":407693,"tags":[],"usage":{"last_update_time":1658573875906,"last_updated_at":"2022-07-23T10:57:55Z"}},"entity":{"wml_model":{"data_asset_dependencies":["2af5c2b6-238e-49c5-a96d-0932d2c8181d"],"hybrid_pipeline_software_specs":[{"base_id":"db6afe93-665f-5910-b117-d879897404d9","name":"autoai-kb_rt22.1-py3.9"}],"label_column":"HEARTFAILURE","pipeline":{"id":"3cb215fb-33d4-4439-8ba7-2ad4cbc17a08"},"metrics":[{"context":{"binary_classification":{"confusion_matrix":[{"fn":30,"fp":119,"tn":60,"tp":871,"true_class":"N"},{"fn":119,"fp":30,"tn":871,"tp":60,"true_class":"Y"}],"roc_curve":[{"fpr":[0,0.17318435754189945,0.3463687150837989,0.39664804469273746,0.4972067039106145,0.5698324022346368,0.664804469273743,0.7821229050279329,0.8770949720670391,0.9441340782122905,0.994413407821229,1],"thresholds":[2,1,0.8999999761581421,0.800000011920929,0.699999988079071,0.6000000238418579,0.5,0.4000000059604645,0.30000001192092896,0.20000000298023224,0.10000000149011612,0],"tpr":[0,0.4384017758046615,0.732519422863485,0.8734739178690344,0.9189789123196448,0.9445061043285239,0.9667036625971143,0.978912319644839,0.9889012208657048,0.9966703662597114,0.9988901220865705,1],"true_class":"N"},{"fpr":[0,0.0011098779134295228,0.003329633740288568,0.011098779134295227,0.021087680355160933,0.033296337402885685,0.05549389567147614,0.08102108768035517,0.12652608213096558,0.26748057713651496,0.5615982241953386,1],"thresholds":[2,1,0.8999999761581421,0.800000011920929,0.699999988079071,0.6000000238418579,0.5,0.4000000059604645,0.30000001192092896,0.20000000298023224,0.10000000149011612,0],"tpr":[0,0.00558659217877095,0.055865921787709494,0.12290502793296089,0.21787709497206703,0.33519553072625696,0.4301675977653631,0.5027932960893855,0.6033519553072626,0.6536312849162011,0.8268156424581006,1],"true_class":"Y"}]},"classes":["N","Y"],"features_importance":[{"computation_type":"","features":{"NewFeature_7_pca_12":1,"NewFeature_6_pca_10":0.31,"FAMILYHISTORY":0.4,"NewFeature_1_square(PALPITATIONSPERDAY)":0.23,"NewFeature_2_square(EXERCISEMINPERWEEK)":0.26,"NewFeature_0_square(AVGHEARTBEATSPERMIN)":0.2,"BMI":0.3,"AVGHEARTBEATSPERMIN":0.18,"NewFeature_4_pca_1":0.37,"SMOKERLAST5YRS":0,"NewFeature_3_pca_0":0.28,"CHOLESTEROL":0.33,"EXERCISEMINPERWEEK":0.27,"AGE":0.24,"SEX":0.02,"NewFeature_5_pca_7":0.42,"PALPITATIONSPERDAY":0.27},"stage":"Mean"}],"intermediate_model":{"composition_steps":["Split_TrainingHoldout","TrainingDataset_full_9720_9","TrainingDataset_full_9720_9","Preprocessor_default","DAUB","hpo_d","cognito"],"duration":52859,"location":{"model":"auto_ml/ea2cac86-6c10-454e-a470-b21df414c556/wml_data/09cb06d2-912d-485b-a740-fc3f6738c0fb/data/automl/cognito_output/Pipeline1/model.pickle","pipeline":"auto_ml/ea2cac86-6c10-454e-a470-b21df414c556/wml_data/09cb06d2-912d-485b-a740-fc3f6738c0fb/data/automl/cognito_output/Pipeline1/pipeline.json","pipeline_model":"auto_ml/ea2cac86-6c10-454e-a470-b21df414c556/wml_data/09cb06d2-912d-485b-a740-fc3f6738c0fb/data/automl/cognito_output/Pipeline1/pipeline-model.json"},"name":"P3","notebook_location":"auto_ml/ea2cac86-6c10-454e-a470-b21df414c556/wml_data/09cb06d2-912d-485b-a740-fc3f6738c0fb/data/automl/cognito_output/Pipeline1/notebook.ipynb","pipeline_nodes":["PreprocessingTransformer","autoai_libs.cognito.transforms.transform_utils.square","autoai_libs.cognito.transforms.transform_utils.FS1","autoai_libs.cognito.transforms.transform_utils.pca","autoai_libs.cognito.transforms.transform_utils.FS1","RandomForestClassifier"],"process":"cognito_output","schema_location":"auto_ml/ea2cac86-6c10-454e-a470-b21df414c556/wml_data/09cb06d2-912d-485b-a740-fc3f6738c0fb/data/automl/cognito_output/Pipeline1/schema.json"},"phase":"cognito_output","target_column":"HEARTFAILURE"},"ml_metrics":{"training_roc_auc":0.7614228809518266,"holdout_average_precision":0.46056124666010356,"holdout_neg_log_loss":-1.2871961638721197,"training_accuracy":0.8615226337448559,"holdout_roc_auc":0.7581551224895988,"training_balanced_accuracy":0.6547180135427733,"training_f1":0.4524490915121076,"holdout_precision":0.6666666666666666,"training_average_precision":0.3349201906565417,"training_neg_log_loss":-1.3671790670853692,"holdout_recall":0.33519553072625696,"training_precision":0.6553841842767175,"holdout_accuracy":0.862037037037037,"holdout_balanced_accuracy":0.6509495966616856,"training_recall":0.34556037318065164,"holdout_f1":0.44609665427509293},"timestamp":"2022-07-23T10:50:52.000Z"}],"ml_version":"4.0.15","type":"wml-hybrid_0.1","schemas":{"input":[{"fields":[{"name":"AVGHEARTBEATSPERMIN","type":"integer"},{"name":"PALPITATIONSPERDAY","type":"integer"},{"name":"CHOLESTEROL","type":"integer"},{"name":"BMI","type":"integer"},{"name":"AGE","type":"integer"},{"name":"SEX","type":"other"},{"name":"FAMILYHISTORY","type":"other"},{"name":"SMOKERLAST5YRS","type":"other"},{"name":"EXERCISEMINPERWEEK","type":"integer"}],"id":"auto_ai_kb_input_schema"}],"output":[]},"content_location":{"connection":{},"contents":[{"content_format":"pipeline-node","file_name":"P3_automl.zip","location":"auto_ml/ea2cac86-6c10-454e-a470-b21df414c556/wml_data/09cb06d2-912d-485b-a740-fc3f6738c0fb/assets/09cb06d2-912d-485b-a740-fc3f6738c0fb_P3_cognito_output/resources/wml_model/P3_automl.zip","pipeline_node_id":"automl"},{"content_format":"native","file_name":"pipeline_model.json","location":"auto_ml/ea2cac86-6c10-454e-a470-b21df414c556/wml_data/09cb06d2-912d-485b-a740-fc3f6738c0fb/assets/09cb06d2-912d-485b-a740-fc3f6738c0fb_P3_cognito_output/resources/wml_model/pipeline_model.json"}],"location":{"path":"auto_ml/ea2cac86-6c10-454e-a470-b21df414c556/wml_data","notebooks_path":"auto_ml/ea2cac86-6c10-454e-a470-b21df414c556/wml_data/09cb06d2-912d-485b-a740-fc3f6738c0fb/notebooks","training":"auto_ml/ea2cac86-6c10-454e-a470-b21df414c556/wml_data/09cb06d2-912d-485b-a740-fc3f6738c0fb","training_status":"auto_ml/ea2cac86-6c10-454e-a470-b21df414c556/wml_data/09cb06d2-912d-485b-a740-fc3f6738c0fb/training-status.json","assets_path":"auto_ml/ea2cac86-6c10-454e-a470-b21df414c556/wml_data/09cb06d2-912d-485b-a740-fc3f6738c0fb/assets"},"type":"container"},"training_data_references":[{"connection":{},"id":"Heartpatientdata.csv","location":{"href":"/v2/assets/2af5c2b6-238e-49c5-a96d-0932d2c8181d?project_id=5ecaa44e-0b72-425a-a905-4ce4e7444ee2","id":"2af5c2b6-238e-49c5-a96d-0932d2c8181d","userfs":"false"},"schema":{"fields":[{"name":"AVGHEARTBEATSPERMIN","type":"integer"},{"name":"PALPITATIONSPERDAY","type":"integer"},{"name":"CHOLESTEROL","type":"integer"},{"name":"BMI","type":"integer"},{"name":"AGE","type":"integer"},{"name":"SEX","type":"other"},{"name":"FAMILYHISTORY","type":"other"},{"name":"SMOKERLAST5YRS","type":"other"},{"name":"EXERCISEMINPERWEEK","type":"integer"},{"name":"HEARTFAILURE","type":"other"}],"id":"auto_ai_kb_input_schema"},"type":"data_asset"}],"software_spec":{"base_id":"8c1a58c6-62b5-4dc4-987a-df751c2756b6","name":"hybrid_0.1"},"content_import_state":"completed","test_data_references":[]},"modelfacts_system":{"model_information":{"model_type":"wml-hybrid_0.1","input_type":"","algorithm":"RandomForestClassifier","prediction_type":"classification","software_spec":"hybrid_0.1","software_spec_id":"8c1a58c6-62b5-4dc4-987a-df751c2756b6","asset_type":"wml_model"},"training_information":{"project_name":"Heart22","training_data_references":[{"training_data":"Heartpatientdata.csv","training_data_href":"/projects/5ecaa44e-0b72-425a-a905-4ce4e7444ee2/data-assets/2af5c2b6-238e-49c5-a96d-0932d2c8181d/preview","source_type":"CSV","source":"","source_href":"","source_path":"","training_data_exists":true,"source_exists":true,"type":"Data asset"}],"hyper_parameters":"","hybrid_pipeline":[{"name":"autoai-kb_rt22.1-py3.9","id":"db6afe93-665f-5910-b117-d879897404d9"}],"features":9},"space_details":{"space_id":"389961cd-c3e8-40de-bc93-1914dc5f961a","space_type":"development","is_spacetype_openscale_value":false}},"modelfacts_user":{},"location_definition":{"physical_location_code":"DAL","physical_location_code_assigned_by":"IBMid-6680002XAM","physical_location_code_rds_id":"c57cb90f-2126-3800-9c9f-9eab82021cdf","physical_location_code_rds_version":"00002022-0722-4105-8034-448423000000_2","physical_location_code_assignment_method":"INFERRED","physical_location_code_added_on":"1658573686200"}},"attachments":[{"id":"6ec8d04c-1056-4d8d-a5c2-aa6369cb0c5e","version":2,"asset_type":"wml_model","name":"P3_automl.zip","datasource_type":"193a97c1-4475-4a19-b90c-295c4fdc6517","creator_id":"IBMid-6680002XAM","create_time":1658573871090,"size":406070,"is_remote":false,"is_managed":true,"is_referenced":false,"is_object_key_read_only":false,"is_user_provided_path_key":false,"transfer_complete":true,"is_partitioned":false,"complete_time_ticks":1658573690431,"user_data":{"content_format":"pipeline-node","pipeline_node_id":"automl"},"test_doc":0,"handle":{"bucket":"6bb02ea4-ed7e-4e84-8c6b-c9c5522cce6f","location":"us-geo","type":"bluemix_cos","key":"wml_model/P3_automl_zip_6k4300e6q4je9mut4iyjifcri","upload_id":"done","max_part_num":1},"usage":{"access_count":1,"last_accessor_id":"IBMid-6680002XAM","last_access_time":1658573871090}},{"id":"5042151d-474f-487d-a1ab-08c5e2f29ac7","version":2,"asset_type":"wml_model","name":"pipeline_model.json","datasource_type":"193a97c1-4475-4a19-b90c-295c4fdc6517","creator_id":"IBMid-6680002XAM","create_time":1658573873719,"size":1623,"is_remote":false,"is_managed":true,"is_referenced":false,"is_object_key_read_only":false,"is_user_provided_path_key":false,"transfer_complete":true,"is_partitioned":false,"complete_time_ticks":1658573695542,"user_data":{"content_format":"native"},"test_doc":0,"handle":{"bucket":"6bb02ea4-ed7e-4e84-8c6b-c9c5522cce6f","location":"us-geo","type":"bluemix_cos","key":"wml_model/pipeline_model_json_4r1wusxoiw1rojwttwr5i0jwn","upload_id":"done","max_part_num":1},"usage":{"access_count":1,"last_accessor_id":"IBMid-6680002XAM","last_access_time":1658573873719}}]}
