{"metadata":{"asset_id":"3cb215fb-33d4-4439-8ba7-2ad4cbc17a08","asset_attributes":["wml_pipeline"],"name":"Heart","asset_type":"wml_pipeline","created_at":"2022-07-23T10:57:50Z","origin_country":"us","owner_id":"IBMid-6680002XAM","space_id":"389961cd-c3e8-40de-bc93-1914dc5f961a","sandbox_id":"389961cd-c3e8-40de-bc93-1914dc5f961a","size":0,"tags":["dsx-project.5ecaa44e-0b72-425a-a905-4ce4e7444ee2"],"usage":{"last_update_time":1658573870525,"last_updated_at":"2022-07-23T10:57:50Z"}},"entity":{"wml_pipeline":{"document":{"doc_type":"pipeline","pipelines":[{"id":"autoai","nodes":[{"id":"automl","op":"kube","parameters":{"output_logs":true,"input_file_separator":",","stage_flag":true,"optimization":{"compute_pipeline_notebooks_flag":true,"cv_num_folds":3,"daub_adaptive_subsampling_max_mem_usage":15000000000,"holdout_param":0.1,"label":"HEARTFAILURE","learning_type":"classification","max_num_daub_ensembles":2,"positive_label":"Y","run_cognito_flag":true,"scorer_for_ranking":"accuracy"},"n_parallel_data_connections":4,"one_vs_all_file":true},"runtime_ref":"autoai","type":"execution_node"}],"runtime_ref":"hybrid"}],"primary_pipeline":"autoai","runtimes":[{"app_data":{"wml_data":{"hardware_spec":{"base_id":"a6c4923b-b8e4-444c-9f43-8a7ec3020110","name":"L"}}},"id":"autoai","name":"auto_ai.kb"}],"version":"2.0"},"ml_version":"4.0.1"}}}
